Assignment(DQL) - 04--------------------------------------------------------------------------------------------------------------------------------------------------------------------------1.Write a query to display the names (first_name, last_name) using alias name “First Name", "Last Name. mysql> select First_Name as "First Name",Last_Name as "Last Name" from employees;+------------+-----------+| First Name | Last Name |+------------+-----------+| Steven     | King      || Neena      | Kochhar   || Lex        | De Haan   || Alexander  | Hunold    || Bruce      | Ernst     || David      | Austin    || Valli      | Pataballa || Diana      | Lorentz   || Nancy      | Greenberg || Daniel     | Faviet    |+------------+-----------+10 rows in set (0.00 sec)---2. Write a query to get unique department ID from employee table. mysql> select distinct department_id    -> from employees;+---------------+| department_id |+---------------+|            10 ||            60 ||            30 ||            80 |+---------------+4 rows in set (0.02 sec)---3. Write a query to get all employee details from the employee table order by first name, descending mysql> select * from employees order by first_name desc;+-------------+------------+-----------+---------------+--------------+------------+---------+--------+----------------+------------+---------------+| Employee_id | First_Name | Last_Name | Email         | phone_number | Hire_Date  | job_id  | Salary | Commission_PCT | Manager_id | Department_Id |+-------------+------------+-----------+---------------+--------------+------------+---------+--------+----------------+------------+---------------+|         106 | Valli      | Pataballa | not available | 590.423.4560 | 1987-06-23 | IT_PROG |    480 |              0 |        103 |            60 ||         100 | Steven     | King      | not available | 515.123.4567 | 1987-06-18 | AD_PRES |   2400 |              0 |        200 |            10 ||         101 | Neena      | Kochhar   | not available | 515.123.4568 | 1987-06-17 | AD_VP   |   1700 |              0 |        200 |            10 ||         108 | Nancy      | Greenberg | not available | 515.124.4569 | 1987-06-25 | SA_MAN  |   1200 |              0 |        145 |            80 ||         102 | Lex        | De Haan   | not available | 515.123.4569 | 1987-06-19 | AD_VP   |   1700 |              0 |        200 |            10 ||         107 | Diana      | Lorentz   | not available | 590.423.5567 | 1987-06-24 | IT_PROG |    420 |              0 |        114 |            30 ||         105 | David      | Austin    | not available | 590.423.4569 | 1987-06-22 | IT_PROG |    600 |              0 |        103 |            60 ||         109 | Daniel     | Faviet    | not available | 515.124.4169 | 1987-06-26 | SA_MAN  |    900 |              0 |        145 |            80 ||         104 | Bruce      | Ernst     | not available | 590.423.4568 | 1987-06-21 | IT_PROG |    480 |              0 |        103 |            60 ||         103 | Alexander  | Hunold    | not available | 590.423.4567 | 1987-06-20 | IT_PROG |    900 |              0 |        103 |            60 |+-------------+------------+-----------+---------------+--------------+------------+---------+--------+----------------+------------+---------------+10 rows in set (0.00 sec)---4. Write a query to get the names (first_name, last_name), salary, PF of all the employees (PF is calculated as 15% of salary). mysql> select First_Name,Last_Name,salary,    -> salary * 0.15 as PF from employees;+------------+-----------+--------+--------+| First_Name | Last_Name | salary | PF     |+------------+-----------+--------+--------+| Steven     | King      |   2400 | 360.00 || Neena      | Kochhar   |   1700 | 255.00 || Lex        | De Haan   |   1700 | 255.00 || Alexander  | Hunold    |    900 | 135.00 || Bruce      | Ernst     |    480 |  72.00 || David      | Austin    |    600 |  90.00 || Valli      | Pataballa |    480 |  72.00 || Diana      | Lorentz   |    420 |  63.00 || Nancy      | Greenberg |   1200 | 180.00 || Daniel     | Faviet    |    900 | 135.00 |+------------+-----------+--------+--------+10 rows in set (0.00 sec)---5. Write a query to get the employee ID, names (first_name, last_name), salary in ascending order of salary. mysql> select Employee_id,First_Name,Last_Name,salary from employees    -> order by salary ;+-------------+------------+-----------+--------+| Employee_id | First_Name | Last_Name | salary |+-------------+------------+-----------+--------+|         107 | Diana      | Lorentz   |    420 ||         104 | Bruce      | Ernst     |    480 ||         106 | Valli      | Pataballa |    480 ||         105 | David      | Austin    |    600 ||         103 | Alexander  | Hunold    |    900 ||         109 | Daniel     | Faviet    |    900 ||         108 | Nancy      | Greenberg |   1200 ||         101 | Neena      | Kochhar   |   1700 ||         102 | Lex        | De Haan   |   1700 ||         100 | Steven     | King      |   2400 |+-------------+------------+-----------+--------+10 rows in set (0.00 sec)---6. Write a query to get the total salaries payable to employeesmysql> select sum(salary) from employees;+-------------+| sum(salary) |+-------------+|       10780 |+-------------+1 row in set (0.07 sec)---7. Write a query to get the maximum and minimum salary from employees table. mysql> select max(salary),min(salary) from employees;+-------------+-------------+| max(salary) | min(salary) |+-------------+-------------+|        2400 |         420 |+-------------+-------------+1 row in set (0.00 sec)---8. Write a query to get the average salary and number of employees in the employees table. mysql> select avg(salary),count(Employee_id) as "No.of Employees" from employees;+-------------+-----------------+| avg(salary) | No.of Employees |+-------------+-----------------+|   1078.0000 |              10 |+-------------+-----------------+1 row in set (0.00 sec)9..---9. Write a query to get the number of employees working with the company. mysql> select count(*) as "total Employees"    -> from employees;+-----------------+| total Employees |+-----------------+|              10 |+-----------------+1 row in set (0.03 sec)---10.Write a query to get the number of jobs available in the employees table mysql> select count(distinct job_id) as "No.of Jobs"    -> from employees;+------------+| No.of Jobs |+------------+|          4 |+------------+1 row in set (0.02 sec)---11. Write a query to select first 10 records from a table. mysql> select * from employees limit 10;+-------------+------------+-----------+---------------+--------------+------------+---------+--------+----------------+------------+---------------+| Employee_id | First_Name | Last_Name | Email         | phone_number | Hire_Date  | job_id  | Salary | Commission_PCT | Manager_id | Department_Id |+-------------+------------+-----------+---------------+--------------+------------+---------+--------+----------------+------------+---------------+|         100 | Steven     | King      | not available | 515.123.4567 | 1987-06-18 | AD_PRES |   2400 |              0 |        200 |            10 ||         101 | Neena      | Kochhar   | not available | 515.123.4568 | 1987-06-17 | AD_VP   |   1700 |              0 |        200 |            10 ||         102 | Lex        | De Haan   | not available | 515.123.4569 | 1987-06-19 | AD_VP   |   1700 |              0 |        200 |            10 ||         103 | Alexander  | Hunold    | not available | 590.423.4567 | 1987-06-20 | IT_PROG |    900 |              0 |        103 |            60 ||         104 | Bruce      | Ernst     | not available | 590.423.4568 | 1987-06-21 | IT_PROG |    480 |              0 |        103 |            60 ||         105 | David      | Austin    | not available | 590.423.4569 | 1987-06-22 | IT_PROG |    600 |              0 |        103 |            60 ||         106 | Valli      | Pataballa | not available | 590.423.4560 | 1987-06-23 | IT_PROG |    480 |              0 |        103 |            60 ||         107 | Diana      | Lorentz   | not available | 590.423.5567 | 1987-06-24 | IT_PROG |    420 |              0 |        114 |            30 ||         108 | Nancy      | Greenberg | not available | 515.124.4569 | 1987-06-25 | SA_MAN  |   1200 |              0 |        145 |            80 ||         109 | Daniel     | Faviet    | not available | 515.124.4169 | 1987-06-26 | SA_MAN  |    900 |              0 |        145 |            80 |+-------------+------------+-----------+---------------+--------------+------------+---------+--------+----------------+------------+---------------+10 rows in set (0.00 sec)---12. Write a query to display the name (first_name, last_name) and salary for all employees whose salary is not in the range $10,000 through $15,000 mysql> select First_Name,Last_Name,salary from employees    -> where salary not between 10000 and 15000;+------------+-----------+--------+| First_Name | Last_Name | salary |+------------+-----------+--------+| Steven     | King      |   2400 || Neena      | Kochhar   |   1700 || Lex        | De Haan   |   1700 || Alexander  | Hunold    |    900 || Bruce      | Ernst     |    480 || David      | Austin    |    600 || Valli      | Pataballa |    480 || Diana      | Lorentz   |    420 || Nancy      | Greenberg |   1200 || Daniel     | Faviet    |    900 |+------------+-----------+--------+10 rows in set (0.00 sec)---13. Write a query to display the name (first_name, last_name) and department ID of all employees in departments 30 or 100 in ascending order. mysql> select First_Name,Last_Name,Department_ID from employees    -> where department_id in (30,100)    -> order by department_id asc;+------------+-----------+---------------+| First_Name | Last_Name | Department_ID |+------------+-----------+---------------+| Diana      | Lorentz   |            30 |+------------+-----------+---------------+1 row in set (0.00 sec)---14.	Write a query to display the name (first_name, last_name) and salary for all employees whose salary is not in the range $10,000 through $15,000 and are in department 30 or 100.mysql> select First_Name,Last_Name,Department_ID,salary from employees    -> where salary not between 10000 and 15000    -> and department_id in(30,100);+------------+-----------+---------------+--------+| First_Name | Last_Name | Department_ID | salary |+------------+-----------+---------------+--------+| Diana      | Lorentz   |            30 |    420 |+------------+-----------+---------------+--------+1 row in set (0.00 sec)---15. Write a query to display the name (first_name, last_name) and hire date for all employees who were hired in 1987. mysql> select First_Name,Last_Name,Hire_Date from employees    -> where year(hire_date) = 1987;+------------+-----------+------------+| First_Name | Last_Name | Hire_Date  |+------------+-----------+------------+| Steven     | King      | 1987-06-18 || Neena      | Kochhar   | 1987-06-17 || Lex        | De Haan   | 1987-06-19 || Alexander  | Hunold    | 1987-06-20 || Bruce      | Ernst     | 1987-06-21 || David      | Austin    | 1987-06-22 || Valli      | Pataballa | 1987-06-23 || Diana      | Lorentz   | 1987-06-24 || Nancy      | Greenberg | 1987-06-25 || Daniel     | Faviet    | 1987-06-26 |+------------+-----------+------------+10 rows in set (0.02 sec)---16.	Write a query to display the first_name of all employees who have both "b" and "c" in their first name mysql> select first_name from employees    -> where lower(first_name) like "%b%"    -> and lower(first_name) like "%c%";+------------+| first_name |+------------+| Bruce      |+------------+1 row in set (0.00 sec)---17.	Write a query to display the last name, job, and salary for all employees whose job is that of a Programmer or a Shipping Clerk, and whose salary is not equal to $4,500, $10,000, or $15,000. mysql> select last_name,job_id,salary from employees    -> where job_id in ("IT_PROG" , "shipping clerk")    -> and salary not in (4500, 10000, 15000);+-----------+---------+--------+| last_name | job_id  | salary |+-----------+---------+--------+| Hunold    | IT_PROG |    900 || Ernst     | IT_PROG |    480 || Austin    | IT_PROG |    600 || Pataballa | IT_PROG |    480 || Lorentz   | IT_PROG |    420 |+-----------+---------+--------+5 rows in set (0.00 sec)---18.	Write a query to display the last name of employees whose names have exactly 6 characters. mysql> select last_name from employees    -> where length (last_name) = 6;+-----------+| last_name |+-----------+| Hunold    || Austin    || Faviet    |+-----------+3 rows in set (0.00 sec)---19. Write a query to display the last name of employees having 'e' as the third character. mysql> select last_name from employees    -> where last_name like "__e%";+-----------+| last_name |+-----------+| Greenberg |+-----------+1 row in set (0.00 sec)---20. Write a query to display the jobs/designations available in the employees table. mysql> select distinct job_id from employees;+---------+| job_id  |+---------+| AD_PRES || AD_VP   || IT_PROG || SA_MAN  |+---------+4 rows in set (0.00 sec)---21. Write a query to select all record from employees where last name in 'BLAKE', 'SCOTT', 'KING' and 'FORD' mysql> select * from employees    -> where last_name in ("BLAKE","SCOTT","KING","FORD");+-------------+------------+-----------+---------------+--------------+------------+---------+--------+----------------+------------+---------------+| Employee_id | First_Name | Last_Name | Email         | phone_number | Hire_Date  | job_id  | Salary | Commission_PCT | Manager_id | Department_Id |+-------------+------------+-----------+---------------+--------------+------------+---------+--------+----------------+------------+---------------+|         100 | Steven     | King      | not available | 515.123.4567 | 1987-06-18 | AD_PRES |   2400 |              0 |        200 |            10 |+-------------+------------+-----------+---------------+--------------+------------+---------+--------+----------------+------------+---------------+1 row in set (0.00 sec)---